Workbook

Sheet ATIVOS
A1: Chapa | B1: Nome | C1: NAME_PY | D1: Nome Funcão | E1: Descrição Seção | F1: TIPO_ABST | G1: TURNO | H1: ID_FUNC
B2: LUIZ HENRIQUE DE OLIVEIRA TRANQUEIA | C2: =_xlfn.TEXTBEFORE(B2, " ") & " " & _xlfn.TEXTAFTER(B2, " ", -1) -> LUIZ TRANQUEIA | D2: APRENDIZ | E2: EQUIPE A1 | F2: =IFERROR(_xlfn.XLOOKUP(B2,ABST!B:B,ABST!C:C,,0),"-") -> MESA | G2: =_xlfn.XLOOKUP(E2,CD_EQUIPES!A:A,CD_EQUIPES!B:B,,0) -> DIA | H2: 26082
A3: 1 | B3: RECEBIMENTO | C3: RECEBIMENTO | D3: RECEBIMENTO | E3: RECEBIMENTO | F3: =IFERROR(_xlfn.XLOOKUP(B3,ABST!B:B,ABST!C:C,,0),"-") -> RECEBIMENTO | G3: DIA | H3: 1
A4: 7184 | B4: ARTHUR ISAQUE RODRIGUES TELES | C4: =_xlfn.TEXTBEFORE(B4, " ") & " " & _xlfn.TEXTAFTER(B4, " ", -1) -> ARTHUR TELES | D4: ASSISTENTE DE OPERACOES LOGISTICA | E4: SUPORTE CD DIA | F4: =IFERROR(_xlfn.XLOOKUP(B4,ABST!B:B,ABST!C:C,,0),"-") -> - | G4: =_xlfn.XLOOKUP(E4,CD_EQUIPES!A:A,CD_EQUIPES!B:B,,0) -> DIA | H4: =_xlfn.XLOOKUP(TB_ATIVOS[[#This Row],[Chapa]],'8573'!D:D,'8573'!A:A,,0) -> 180815
A5: 6511 | B5: ELEILSON FERNANDES DA SILVA | C5: =_xlfn.TEXTBEFORE(B5, " ") & " " & _xlfn.TEXTAFTER(B5, " ", -1) -> ELEILSON SILVA | D5: ASSISTENTE OPERACOES LOGISTICA III | E5: EQUIPE A1 | F5: =IFERROR(_xlfn.XLOOKUP(B5,ABST!B:B,ABST!C:C,,0),"-") -> MESA | G5: =_xlfn.XLOOKUP(E5,CD_EQUIPES!A:A,CD_EQUIPES!B:B,,0) -> DIA | H5: =_xlfn.XLOOKUP(TB_ATIVOS[[#This Row],[Chapa]],'8573'!D:D,'8573'!A:A,,0) -> 180080
A6: 6556 | B6: WESLEY HENRIQUE FERREIRA DE OLIVEIRA | C6: =_xlfn.TEXTBEFORE(B6, " ") & " " & _xlfn.TEXTAFTER(B6, " ", -1) -> WESLEY OLIVEIRA | D6: ASSISTENTE OPERACOES LOGISTICA III | E6: EQUIPE PCL | F6: =IFERROR(_xlfn.XLOOKUP(B6,ABST!B:B,ABST!C:C,,0),"-") -> - | G6: =_xlfn.XLOOKUP(E6,CD_EQUIPES!A:A,CD_EQUIPES!B:B,,0) -> DIA | H6: =_xlfn.XLOOKUP(TB_ATIVOS[[#This Row],[Chapa]],'8573'!D:D,'8573'!A:A,,0) -> 180109
A7: 7674 | B7: JOAO PEDRO MATIAS DA SILVA | C7: =_xlfn.TEXTBEFORE(B7, " ") & " " & _xlfn.TEXTAFTER(B7, " ", -1) -> JOAO SILVA | D7: AUX.OP. LOGISTICA I | E7: EQUIPE PCL | F7: =IFERROR(_xlfn.XLOOKUP(B7,ABST!B:B,ABST!C:C,,0),"-") -> - | G7: =_xlfn.XLOOKUP(E7,CD_EQUIPES!A:A,CD_EQUIPES!B:B,,0) -> DIA | H7: =_xlfn.XLOOKUP(TB_ATIVOS[[#This Row],[Chapa]],'8573'!D:D,'8573'!A:A,,0) -> 181048
A8: 7094 | B8: KELVY SALES BARBOSA | C8: =_xlfn.TEXTBEFORE(B8, " ") & " " & _xlfn.TEXTAFTER(B8, " ", -1) -> KELVY BARBOSA | D8: AUX.OP. LOGISTICA II | E8: EQUIPE A4 | F8: =IFERROR(_xlfn.XLOOKUP(B8,ABST!B:B,ABST!C:C,,0),"-") -> MESA | G8: =_xlfn.XLOOKUP(E8,CD_EQUIPES!A:A,CD_EQUIPES!B:B,,0) -> DIA | H8: =_xlfn.XLOOKUP(TB_ATIVOS[[#This Row],[Chapa]],'8573'!D:D,'8573'!A:A,,0) -> 180782
A9: 6538 | B9: CARLOS ALBERTO SANTOS DA SILVA FILHO | C9: =_xlfn.TEXTBEFORE(B9, " ") & " " & _xlfn.TEXTAFTER(B9, " ", -1) -> CARLOS FILHO | D9: AUX.OP. LOGISTICA III | E9: EQUIPE A3 | F9: =IFERROR(_xlfn.XLOOKUP(B9,ABST!B:B,ABST!C:C,,0),"-") -> MESA | G9: =_xlfn.XLOOKUP(E9,CD_EQUIPES!A:A,CD_EQUIPES!B:B,,0) -> DIA | H9: =_xlfn.XLOOKUP(TB_ATIVOS[[#This Row],[Chapa]],'8573'!D:D,'8573'!A:A,,0) -> 180101
A10: 6503 | B10: NATALIA OLIVEIRA BISPO | C10: =_xlfn.TEXTBEFORE(B10, " ") & " " & _xlfn.TEXTAFTER(B10, " ", -1) -> NATALIA BISPO | D10: AUX.OP. LOGISTICA III | E10: EQUIPE PCL | F10: =IFERROR(_xlfn.XLOOKUP(B10,ABST!B:B,ABST!C:C,,0),"-") -> - | G10: =_xlfn.XLOOKUP(E10,CD_EQUIPES!A:A,CD_EQUIPES!B:B,,0) -> DIA | H10: =_xlfn.XLOOKUP(TB_ATIVOS[[#This Row],[Chapa]],'8573'!D:D,'8573'!A:A,,0) -> 180174
A11: 6741 | B11: ANTONIO FRANCISCO NASCIMENTO COSTA | C11: =_xlfn.TEXTBEFORE(B11, " ") & " " & _xlfn.TEXTAFTER(B11, " ", -1) -> ANTONIO COSTA | D11: AUX.OP. LOGISTICA III | E11: SUPORTE CD DIA | F11: =IFERROR(_xlfn.XLOOKUP(B11,ABST!B:B,ABST!C:C,,0),"-") -> - | G11: =_xlfn.XLOOKUP(E11,CD_EQUIPES!A:A,CD_EQUIPES!B:B,,0) -> DIA | H11: =_xlfn.XLOOKUP(TB_ATIVOS[[#This Row],[Chapa]],'8573'!D:D,'8573'!A:A,,0) -> 180193
A12: 7144 | B12: VICTOR BRUNNO DE DEUS FREITAS | C12: =_xlfn.TEXTBEFORE(B12, " ") & " " & _xlfn.TEXTAFTER(B12, " ", -1) -> VICTOR FREITAS | D12: AUX.OP. LOGISTICA III | E12: SUPORTE CD DIA | F12: =IFERROR(_xlfn.XLOOKUP(B12,ABST!B:B,ABST!C:C,,0),"-") -> - | G12: =_xlfn.XLOOKUP(E12,CD_EQUIPES!A:A,CD_EQUIPES!B:B,,0) -> DIA | H12: =_xlfn.XLOOKUP(TB_ATIVOS[[#This Row],[Chapa]],'8573'!D:D,'8573'!A:A,,0) -> 180799
A13: 7265 | B13: JOEDNA FERREIRA DE ALMEIDA RIBEIRO | C13: =_xlfn.TEXTBEFORE(B13, " ") & " " & _xlfn.TEXTAFTER(B13, " ", -1) -> JOEDNA RIBEIRO | D13: AUX.OP. LOGISTICA III | E13: EQUIPE A4 | F13: =IFERROR(_xlfn.XLOOKUP(B13,ABST!B:B,ABST!C:C,,0),"-") -> MESA | G13: =_xlfn.XLOOKUP(E13,CD_EQUIPES!A:A,CD_EQUIPES!B:B,,0) -> DIA | H13: =_xlfn.XLOOKUP(TB_ATIVOS[[#This Row],[Chapa]],'8573'!D:D,'8573'!A:A,,0) -> 180863
A14: 7246 | B14: ANNA KELRY OLIVEIRA AGUIAR LOPES | C14: =_xlfn.TEXTBEFORE(B14, " ") & " " & _xlfn.TEXTAFTER(B14, " ", -1) -> ANNA LOPES | D14: AUX.OP. LOGISTICA III | E14: SUPORTE CD DIA | F14: =IFERROR(_xlfn.XLOOKUP(B14,ABST!B:B,ABST!C:C,,0),"-") -> - | G14: =_xlfn.XLOOKUP(E14,CD_EQUIPES!A:A,CD_EQUIPES!B:B,,0) -> DIA | H14: =_xlfn.XLOOKUP(TB_ATIVOS[[#This Row],[Chapa]],'8573'!D:D,'8573'!A:A,,0) -> 181246
A15: 6725 | B15: ALEANDRA TRINDADE SOUSA | C15: =_xlfn.TEXTBEFORE(B15, " ") & " " & _xlfn.TEXTAFTER(B15, " ", -1) -> ALEANDRA SOUSA | D15: AUX.OP. LOGISTICA III | E15: FLOW RACK NOITE | F15: =IFERROR(_xlfn.XLOOKUP(B15,ABST!B:B,ABST!C:C,,0),"-") -> MESA | G15: =_xlfn.XLOOKUP(E15,CD_EQUIPES!A:A,CD_EQUIPES!B:B,,0) -> NOITE | H15: =_xlfn.XLOOKUP(TB_ATIVOS[[#This Row],[Chapa]],'8573'!D:D,'8573'!A:A,,0) -> 180185
... A269: 4954 | B269: MARCELO RAMADA DE JESUS | C269: =_xlfn.TEXTBEFORE(B269, " ") & " " & _xlfn.TEXTAFTER(B269, " ", -1) -> MARCELO JESUS | D269: SUPERVISOR(A) DE OPERACOES | E269: EQUIPE A3 | F269: =IFERROR(_xlfn.XLOOKUP(B269,ABST!B:B,ABST!C:C,,0),"-") -> - | G269: =_xlfn.XLOOKUP(E269,CD_EQUIPES!A:A,CD_EQUIPES!B:B,,0) -> DIA | H269: =_xlfn.XLOOKUP(TB_ATIVOS[[#This Row],[Chapa]],'8573'!D:D,'8573'!A:A,,0) -> 122232

Sheet ABST
A1: MATRICULA | B1: NOME | C1: TIPO | D1: EQUIPE | E1: turno
A2: 180775 | B2: =_xlfn.XLOOKUP(A2,'8573'!A:A,'8573'!B:B,,0) -> ADAEL RAMOS SILVA PAIVA | C2: EMPILHADOR | D2: =_xlfn.XLOOKUP(B2,ATIVOS!B:B,ATIVOS!E:E,,0) -> EQUIPE D | E2: =_xlfn.XLOOKUP(B2,TB_ATIVOS[Nome],TB_ATIVOS[TURNO],,0) -> NOITE
A3: 180185 | B3: =_xlfn.XLOOKUP(A3,'8573'!A:A,'8573'!B:B,,0) -> ALEANDRA TRINDADE SOUSA | C3: MESA | D3: =_xlfn.XLOOKUP(B3,ATIVOS!B:B,ATIVOS!E:E,,0) -> FLOW RACK NOITE | E3: =_xlfn.XLOOKUP(B3,TB_ATIVOS[Nome],TB_ATIVOS[TURNO],,0) -> NOITE
A4: 36699 | B4: ANTONIO EDILSON SOARES | C4: MESA | D4: EQUIPE A1 | E4: DIA
A5: 1272 | B5: ANTONIO JOSE DIAS DE SOUSA | C5: MESA | D5: EQUIPE A2 | E5: DIA
A6: 122268 | B6: =_xlfn.XLOOKUP(A6,'8573'!A:A,'8573'!B:B,,0) -> BRUNO OLIVEIRA SOUSA CARNEIRO | C6: EMPILHADOR | D6: =_xlfn.XLOOKUP(B6,ATIVOS!B:B,ATIVOS!E:E,,0) -> EQUIPE A4 | E6: =_xlfn.XLOOKUP(B6,TB_ATIVOS[Nome],TB_ATIVOS[TURNO],,0) -> DIA
A7: 180808 | B7: =_xlfn.XLOOKUP(A7,'8573'!A:A,'8573'!B:B,,0) -> BRUNO SILVEIRA LIMA | C7: MESA | D7: =_xlfn.XLOOKUP(B7,ATIVOS!B:B,ATIVOS!E:E,,0) -> EQUIPE B | E7: =_xlfn.XLOOKUP(B7,TB_ATIVOS[Nome],TB_ATIVOS[TURNO],,0) -> NOITE
A8: 180275 | B8: =_xlfn.XLOOKUP(A8,'8573'!A:A,'8573'!B:B,,0) -> CARLIENE DOURADO RODRIGUES | C8: MESA | D8: =_xlfn.XLOOKUP(B8,ATIVOS!B:B,ATIVOS!E:E,,0) -> FLOW RACK NOITE | E8: =_xlfn.XLOOKUP(B8,TB_ATIVOS[Nome],TB_ATIVOS[TURNO],,0) -> NOITE
A9: 180101 | B9: =_xlfn.XLOOKUP(A9,'8573'!A:A,'8573'!B:B,,0) -> CARLOS ALBERTO SANTOS DA SILVA FILHO | C9: MESA | D9: =_xlfn.XLOOKUP(B9,ATIVOS!B:B,ATIVOS!E:E,,0) -> EQUIPE A3 | E9: =_xlfn.XLOOKUP(B9,TB_ATIVOS[Nome],TB_ATIVOS[TURNO],,0) -> DIA
A10: 101124 | B10: =_xlfn.XLOOKUP(A10,'8573'!A:A,'8573'!B:B,,0) -> CARLOS MESQUITA NASCIMENTO | C10: RECEBIMENTO | D10: =_xlfn.XLOOKUP(B10,ATIVOS!B:B,ATIVOS!E:E,,0) -> EQUIPE A1 | E10: =_xlfn.XLOOKUP(B10,TB_ATIVOS[Nome],TB_ATIVOS[TURNO],,0) -> DIA
A11: 122407 | B11: =_xlfn.XLOOKUP(A11,'8573'!A:A,'8573'!B:B,,0) -> CEZAR LUIZ DE SOUZA | C11: EMPILHADOR | D11: =_xlfn.XLOOKUP(B11,ATIVOS!B:B,ATIVOS!E:E,,0) -> EQUIPE D | E11: =_xlfn.XLOOKUP(B11,TB_ATIVOS[Nome],TB_ATIVOS[TURNO],,0) -> NOITE
A12: 180080 | B12: =_xlfn.XLOOKUP(A12,'8573'!A:A,'8573'!B:B,,0) -> ELEILSON FERNANDES DA SILVA | C12: MESA | D12: =_xlfn.XLOOKUP(B12,ATIVOS!B:B,ATIVOS!E:E,,0) -> EQUIPE A1 | E12: =_xlfn.XLOOKUP(B12,TB_ATIVOS[Nome],TB_ATIVOS[TURNO],,0) -> DIA
A13: 1224 | B13: =_xlfn.XLOOKUP(A13,'8573'!A:A,'8573'!B:B,,0) -> ELIEL NUNES DE MORAES | C13: EMPILHADOR | D13: =_xlfn.XLOOKUP(B13,ATIVOS!B:B,ATIVOS!E:E,,0) -> EQUIPE A4 | E13: =_xlfn.XLOOKUP(B13,TB_ATIVOS[Nome],TB_ATIVOS[TURNO],,0) -> DIA
A14: 180909 | B14: =_xlfn.XLOOKUP(A14,'8573'!A:A,'8573'!B:B,,0) -> ELIMILSON DOS SANTOS GATINHO | C14: MESA | D14: =_xlfn.XLOOKUP(B14,ATIVOS!B:B,ATIVOS!E:E,,0) -> EQUIPE B | E14: =_xlfn.XLOOKUP(B14,TB_ATIVOS[Nome],TB_ATIVOS[TURNO],,0) -> NOITE
A15: 122692 | B15: =_xlfn.XLOOKUP(A15,'8573'!A:A,'8573'!B:B,,0) -> FABIANO LIMA DE OLIVEIRA | C15: RECEBIMENTO | D15: =_xlfn.XLOOKUP(B15,ATIVOS!B:B,ATIVOS!E:E,,0) -> EQUIPE A1 | E15: =_xlfn.XLOOKUP(B15,TB_ATIVOS[Nome],TB_ATIVOS[TURNO],,0) -> DIA
A16: 181044 | B16: =_xlfn.XLOOKUP(A16,'8573'!A:A,'8573'!B:B,,0) -> FERNANDO PEREIRA DE MORAIS | C16: ABASTECEDOR | D16: =_xlfn.XLOOKUP(B16,ATIVOS!B:B,ATIVOS!E:E,,0) -> EQUIPE A4 | E16: =_xlfn.XLOOKUP(B16,TB_ATIVOS[Nome],TB_ATIVOS[TURNO],,0) -> DIA
A17: 70015 | B17: =_xlfn.XLOOKUP(A17,'8573'!A:A,'8573'!B:B,,0) -> FRANCISCO DAS CHAGAS DE SOUSA | C17: EMPILHADOR | D17: =_xlfn.XLOOKUP(B17,ATIVOS!B:B,ATIVOS!E:E,,0) -> EQUIPE A4 | E17: =_xlfn.XLOOKUP(B17,TB_ATIVOS[Nome],TB_ATIVOS[TURNO],,0) -> DIA
... A35: 180764 | B35: =_xlfn.XLOOKUP(A35,'8573'!A:A,'8573'!B:B,,0) -> LUIS ENRIQUE BETANCOURT CASTILLO | C35: ABASTECEDOR | D35: =_xlfn.XLOOKUP(B35,ATIVOS!B:B,ATIVOS!E:E,,0) -> EQUIPE C | E35: =_xlfn.XLOOKUP(B35,TB_ATIVOS[Nome],TB_ATIVOS[TURNO],,0) -> NOITE
A36: 1260 | B36: LUIZ CARLOS RODRIGUES DA CONCEICAO | C36: MESA | D36: EQUIPE A2 | E36: DIA
A37: 36723 | B37: =_xlfn.XLOOKUP(A37,'8573'!A:A,'8573'!B:B,,0) -> MARCIEL NASCIMENTO DA SILVA | C37: EMPILHADOR | D37: =_xlfn.XLOOKUP(B37,ATIVOS!B:B,ATIVOS!E:E,,0) -> EQUIPE A4 | E37: =_xlfn.XLOOKUP(B37,TB_ATIVOS[Nome],TB_ATIVOS[TURNO],,0) -> DIA
A38: 180794 | B38: =_xlfn.XLOOKUP(A38,'8573'!A:A,'8573'!B:B,,0) -> MATEUS EVANGELISTA DOS SANTOS | C38: ABASTECEDOR | D38: =_xlfn.XLOOKUP(B38,ATIVOS!B:B,ATIVOS!E:E,,0) -> EQUIPE A4 | E38: =_xlfn.XLOOKUP(B38,TB_ATIVOS[Nome],TB_ATIVOS[TURNO],,0) -> DIA
A39: 1 | B39: RECEBIMENTO | C39: RECEBIMENTO | D39: =_xlfn.XLOOKUP(B39,ATIVOS!B:B,ATIVOS!E:E,,0) -> RECEBIMENTO | E39: DIA
A40: 180906 | B40: =_xlfn.XLOOKUP(A40,'8573'!A:A,'8573'!B:B,,0) -> REGINALDO SOARES DA SILVA | C40: ABASTECEDOR | D40: =_xlfn.XLOOKUP(B40,ATIVOS!B:B,ATIVOS!E:E,,0) -> EQUIPE A4 | E40: =_xlfn.XLOOKUP(B40,TB_ATIVOS[Nome],TB_ATIVOS[TURNO],,0) -> DIA
A41: 180221 | B41: =_xlfn.XLOOKUP(A41,'8573'!A:A,'8573'!B:B,,0) -> SATILO VIEIRA SANTOS | C41: ABASTECEDOR | D41: =_xlfn.XLOOKUP(B41,ATIVOS!B:B,ATIVOS!E:E,,0) -> EQUIPE D | E41: =_xlfn.XLOOKUP(B41,TB_ATIVOS[Nome],TB_ATIVOS[TURNO],,0) -> NOITE
A42: 180091 | B42: =_xlfn.XLOOKUP(A42,'8573'!A:A,'8573'!B:B,,0) -> SIMONE LIMA DE SOUSA SANTOS | C42: MESA | D42: =_xlfn.XLOOKUP(B42,ATIVOS!B:B,ATIVOS!E:E,,0) -> FLOW RACK NOITE | E42: =_xlfn.XLOOKUP(B42,TB_ATIVOS[Nome],TB_ATIVOS[TURNO],,0) -> NOITE
A43: 180121 | B43: =_xlfn.XLOOKUP(A43,'8573'!A:A,'8573'!B:B,,0) -> TAINA MEDEIROS RIBEIRO | C43: MESA | D43: =_xlfn.XLOOKUP(B43,ATIVOS!B:B,ATIVOS!E:E,,0) -> EQUIPE D | E43: =_xlfn.XLOOKUP(B43,TB_ATIVOS[Nome],TB_ATIVOS[TURNO],,0) -> NOITE
A44: 180774 | B44: =_xlfn.XLOOKUP(A44,'8573'!A:A,'8573'!B:B,,0) -> VALMIR CAMPOS SOUSA FILHO | C44: EMPILHADOR | D44: =_xlfn.XLOOKUP(B44,ATIVOS!B:B,ATIVOS!E:E,,0) -> EQUIPE A4 | E44: =_xlfn.XLOOKUP(B44,TB_ATIVOS[Nome],TB_ATIVOS[TURNO],,0) -> DIA
A45: 122702 | B45: =_xlfn.XLOOKUP(A45,'8573'!A:A,'8573'!B:B,,0) -> WUILLIAMS RAFAEL FIGUEROA REQUENA | C45: ABASTECEDOR | D45: =_xlfn.XLOOKUP(B45,ATIVOS!B:B,ATIVOS!E:E,,0) -> EQUIPE C | E45: =_xlfn.XLOOKUP(B45,TB_ATIVOS[Nome],TB_ATIVOS[TURNO],,0) -> NOITE
A46: 122537 | B46: =_xlfn.XLOOKUP(A46,'8573'!A:A,'8573'!B:B,,0) -> YAGO RODRIGUES DA SILVA | C46: MESA | D46: =_xlfn.XLOOKUP(B46,ATIVOS!B:B,ATIVOS!E:E,,0) -> EQUIPE D | E46: =_xlfn.XLOOKUP(B46,TB_ATIVOS[Nome],TB_ATIVOS[TURNO],,0) -> NOITE
A47: 100080 | B47: LUCIANO ALBUQUERQUE RIPARDO | C47: MESA | D47: EQUIPE A4 | E47: DIA
A48: 26082 | B48: LUIZ HENRIQUE DE OLIVEIRA TRANQUEIA | C48: MESA | D48: EQUIPE A1 | E48: =_xlfn.XLOOKUP(B48,TB_ATIVOS[Nome],TB_ATIVOS[TURNO],,0) -> DIA
A49: 1311 | B49: JOAO CARLOS GOMES DA SILVA | C49: MESA | D49: SUPORTE CD DIA | E49: DIA
A50: 180221 | B50: SATILO VIEIRA SANTOS | C50: ABASTECEDOR | D50: =_xlfn.XLOOKUP(B50,ATIVOS!B:B,ATIVOS!E:E,,0) -> EQUIPE D | E50: =_xlfn.XLOOKUP(B50,TB_ATIVOS[Nome],TB_ATIVOS[TURNO],,0) -> NOITE
A51: 181292 | B51: JHONATHAN CICERO VIEIRA ALENCAR | C51: ABASTECEDOR | D51: =_xlfn.XLOOKUP(B51,ATIVOS!B:B,ATIVOS!E:E,,0) -> EQUIPE D | E51: =_xlfn.XLOOKUP(B51,TB_ATIVOS[Nome],TB_ATIVOS[TURNO],,0) -> NOITE
A52: 181181 | B52: PAULO GABRIEL MACHADO DE OLIVEIRA | C52: ABASTECEDOR | D52: =_xlfn.XLOOKUP(B52,ATIVOS!B:B,ATIVOS!E:E,,0) -> EQUIPE D | E52: =_xlfn.XLOOKUP(B52,TB_ATIVOS[Nome],TB_ATIVOS[TURNO],,0) -> NOITE

Sheet CD_EQUIPES
A1: Descrição Seção | B1: TURNO
A2: EQUIPE A1 | B2: DIA
A3: EQUIPE A2 | B3: DIA
A4: EQUIPE A3 | B4: DIA
A5: EQUIPE A4 | B5: DIA
A6: EQUIPE B | B6: NOITE
A7: EQUIPE C | B7: NOITE
A8: EQUIPE D | B8: NOITE
A9: EQUIPE PCL | B9: DIA
A10: FLOW RACK DIA | B10: DIA
A11: FLOW RACK NOITE | B11: NOITE
A12: SUPORTE CD DIA | B12: DIA
A13: SUPORTE CD NOITE | B13: NOITE

Sheet 8573
A1: MATRICULA | B1: NOME | C1: EQUIPE | D1: CHAPA | E1: SETOR
A2: 2698 | B2: JOAO ANTONIO CATARINO DOS SANTOS | C2: A2 | D2: 2394 | E2: AUX SERV GERAIS
A3: 180939 | B3: IVANETE PEREIRA DA SILVA | C3: PCL-D | D3: 7464 | E3: AUX SERV GERAIS
A4: 181149 | B4: YOHANNA DEL CARMEN PARRAGA CARIAMANA | C4: A2 | D4: 7867 | E4: AUX SERV GERAIS
A5: 101065 | B5: BRUNO PEREIRA GOMES | C5: AN | D5: 4394 | E5: AUX. OPER. LOGISTICAS
A6: 180174 | B6: NATALIA OLIVEIRA BISPO | C6: A2 | D6: 6503 | E6: AUX. OPER. LOGISTICAS
A7: 180275 | B7: CARLIENE DOURADO RODRIGUES | C7: D | D7: 6883 | E7: AUX. OPER. LOGISTICAS
A8: 122537 | B8: YAGO RODRIGUES DA SILVA | C8: D | D8: 5815 | E8: AUX. OPER. LOGISTICAS
A9: 180909 | B9: ELIMILSON DOS SANTOS GATINHO | C9: B | D9: 7381 | E9: AUX. OPER. LOGISTICAS
A10: 180101 | B10: CARLOS ALBERTO SANTOS DA SILVA FILHO | C10: A3 | D10: 6538 | E10: AUX. OPER. LOGISTICAS
A11: 180121 | B11: TAINA MEDEIROS RIBEIRO | C11: D | D11: 6583 | E11: AUX. OPER. LOGISTICAS
A12: 180118 | B12: JOILDA LACERDA ARAUJO | C12: AD | D12: 6577 | E12: AUX. OPER. LOGISTICAS
A13: 180109 | B13: WESLEY HENRIQUE FERREIRA DE OLIVEIRA | C13: A4 | D13: 6556 | E13: AUX. OPER. LOGISTICAS
... A364: 122232 | B364: MARCELO RAMADA DE JESUS | C364: A3 | D364: 4954 | E364: SUPERVISOR
